{"age_mean": 54.14132762312634, "age_std": 24.768162749396804, "class_to_idx": {"Mild-to-Moderate Dementia": 0, "Non Demented": 1, "Very mild Dementia": 2}}